Date,Hour,Temp
2016-01-01,00,45.3
2016-01-01,01,45.1
2016-01-01,02,44.8
2016-01-01,03,44.5
2016-01-01,04,44.3
2016-01-01,05,44.0
2016-01-01,06,44.4
2016-01-01,07,44.9
2016-01-01,08,45.3
2016-01-01,09,45.8
2016-01-01,10,46.2
2016-01-01,11,46.7
2016-01-01,12,47.1
2016-01-01,13,47.6
2016-01-01,14,48.0
2016-01-01,15,47.7
2016-01-01,16,47.5
2016-01-01,17,47.2
2016-01-01,18,46.9
2016-01-01,19,46.7
2016-01-01,20,46.4
2016-01-01,21,46.1
2016-01-01,22,45.9
2016-01-01,23,45.6
2016-01-02,00,43.7
2016-01-02,01,43.3
2016-01-02,02,43.0
2016-01-02,03,42.7
2016-01-02,04,42.3
2016-01-02,05,42.0
2016-01-02,06,42.6
2016-01-02,07,43.1
2016-01-02,08,43.7
2016-01-02,09,44.2
2016-01-02,10,44.8
2016-01-02,11,45.3
2016-01-02,12,45.9
2016-01-02,13,46.4
2016-01-02,14,47.0
2016-01-02,15,46.7
2016-01-02,16,46.3
2016-01-02,17,46.0
2016-01-02,18,45.7
2016-01-02,19,45.3
2016-01-02,20,45.0
2016-01-02,21,44.7
2016-01-02,22,44.3
2016-01-02,23,44.0
2016-01-03,00,48.0
2016-01-03,01,46.6
2016-01-03,02,45.2
2016-01-03,03,43.8
2016-01-03,04,42.4
2016-01-03,05,41.0
2016-01-03,06,43.3
2016-01-03,07,45.7
2016-01-03,08,48.0
2016-01-03,09,50.3
2016-01-03,10,52.7
2016-01-03,11,55.0
2016-01-03,12,57.3
2016-01-03,13,59.7
2016-01-03,14,62.0
2016-01-03,15,60.6
2016-01-03,16,59.2
2016-01-03,17,57.8
2016-01-03,18,56.4
2016-01-03,19,55.0
2016-01-03,20,53.6
2016-01-03,21,52.2
2016-01-03,22,50.8
2016-01-03,23,49.4
2016-01-04,00,44.0
2016-01-04,01,42.6
2016-01-04,02,41.2
2016-01-04,03,39.8
2016-01-04,04,38.4
2016-01-04,05,37.0
2016-01-04,06,39.3
2016-01-04,07,41.7
2016-01-04,08,44.0
2016-01-04,09,46.3
2016-01-04,10,48.7
2016-01-04,11,51.0
2016-01-04,12,53.3
2016-01-04,13,55.7
2016-01-04,14,58.0
2016-01-04,15,56.6
2016-01-04,16,55.2
2016-01-04,17,53.8
2016-01-04,18,52.4
2016-01-04,19,51.0
2016-01-04,20,49.6
2016-01-04,21,48.2
2016-01-04,22,46.8
2016-01-04,23,45.4
2016-01-05,00,42.7
2016-01-05,01,41.3
2016-01-05,02,40.0
2016-01-05,03,38.7
2016-01-05,04,37.3
2016-01-05,05,36.0
2016-01-05,06,38.2
2016-01-05,07,40.4
2016-01-05,08,42.7
2016-01-05,09,44.9
2016-01-05,10,47.1
2016-01-05,11,49.3
2016-01-05,12,51.6
2016-01-05,13,53.8
2016-01-05,14,56.0
2016-01-05,15,54.7
2016-01-05,16,53.3
2016-01-05,17,52.0
2016-01-05,18,50.7
2016-01-05,19,49.3
2016-01-05,20,48.0
2016-01-05,21,46.7
2016-01-05,22,45.3
2016-01-05,23,44.0
2016-01-06,00,48.3
2016-01-06,01,47.9
2016-01-06,02,47.4
2016-01-06,03,46.9
2016-01-06,04,46.5
2016-01-06,05,46.0
2016-01-06,06,46.8
2016-01-06,07,47.6
2016-01-06,08,48.3
2016-01-06,09,49.1
2016-01-06,10,49.9
2016-01-06,11,50.7
2016-01-06,12,51.4
2016-01-06,13,52.2
2016-01-06,14,53.0
2016-01-06,15,52.5
2016-01-06,16,52.1
2016-01-06,17,51.6
2016-01-06,18,51.1
2016-01-06,19,50.7
2016-01-06,20,50.2
2016-01-06,21,49.7
2016-01-06,22,49.3
2016-01-06,23,48.8
2016-01-07,00,57.0
2016-01-07,01,55.4
2016-01-07,02,53.8
2016-01-07,03,52.2
2016-01-07,04,50.6
2016-01-07,05,49.0
2016-01-07,06,51.7
2016-01-07,07,54.3
2016-01-07,08,57.0
2016-01-07,09,59.7
2016-01-07,10,62.3
2016-01-07,11,65.0
2016-01-07,12,67.7
2016-01-07,13,70.3
2016-01-07,14,73.0
2016-01-07,15,71.4
2016-01-07,16,69.8
2016-01-07,17,68.2
2016-01-07,18,66.6
2016-01-07,19,65.0
2016-01-07,20,63.4
2016-01-07,21,61.8
2016-01-07,22,60.2
2016-01-07,23,58.6
2016-01-08,00,51.3
2016-01-08,01,49.9
2016-01-08,02,48.4
2016-01-08,03,46.9
2016-01-08,04,45.5
2016-01-08,05,44.0
2016-01-08,06,46.4
2016-01-08,07,48.9
2016-01-08,08,51.3
2016-01-08,09,53.8
2016-01-08,10,56.2
2016-01-08,11,58.7
2016-01-08,12,61.1
2016-01-08,13,63.6
2016-01-08,14,66.0
2016-01-08,15,64.5
2016-01-08,16,63.1
2016-01-08,17,61.6
2016-01-08,18,60.1
2016-01-08,19,58.7
2016-01-08,20,57.2
2016-01-08,21,55.7
2016-01-08,22,54.3
2016-01-08,23,52.8
2016-01-09,00,44.7
2016-01-09,01,43.3
2016-01-09,02,42.0
2016-01-09,03,40.7
2016-01-09,04,39.3
2016-01-09,05,38.0
2016-01-09,06,40.2
2016-01-09,07,42.4
2016-01-09,08,44.7
2016-01-09,09,46.9
2016-01-09,10,49.1
2016-01-09,11,51.3
2016-01-09,12,53.6
2016-01-09,13,55.8
2016-01-09,14,58.0
2016-01-09,15,56.7
2016-01-09,16,55.3
2016-01-09,17,54.0
2016-01-09,18,52.7
2016-01-09,19,51.3
2016-01-09,20,50.0
2016-01-09,21,48.7
2016-01-09,22,47.3
2016-01-09,23,46.0
2016-01-10,00,38.7
2016-01-10,01,37.5
2016-01-10,02,36.4
2016-01-10,03,35.3
2016-01-10,04,34.1
2016-01-10,05,33.0
2016-01-10,06,34.9
2016-01-10,07,36.8
2016-01-10,08,38.7
2016-01-10,09,40.6
2016-01-10,10,42.4
2016-01-10,11,44.3
2016-01-10,12,46.2
2016-01-10,13,48.1
2016-01-10,14,50.0
2016-01-10,15,48.9
2016-01-10,16,47.7
2016-01-10,17,46.6
2016-01-10,18,45.5
2016-01-10,19,44.3
2016-01-10,20,43.2
2016-01-10,21,42.1
2016-01-10,22,40.9
2016-01-10,23,39.8
2016-01-11,00,41.3
2016-01-11,01,39.9
2016-01-11,02,38.4
2016-01-11,03,36.9
2016-01-11,04,35.5
2016-01-11,05,34.0
2016-01-11,06,36.4
2016-01-11,07,38.9
2016-01-11,08,41.3
2016-01-11,09,43.8
2016-01-11,10,46.2
2016-01-11,11,48.7
2016-01-11,12,51.1
2016-01-11,13,53.6
2016-01-11,14,56.0
2016-01-11,15,54.5
2016-01-11,16,53.1
2016-01-11,17,51.6
2016-01-11,18,50.1
2016-01-11,19,48.7
2016-01-11,20,47.2
2016-01-11,21,45.7
2016-01-11,22,44.3
2016-01-11,23,42.8
2016-01-12,00,44.7
2016-01-12,01,42.5
2016-01-12,02,40.4
2016-01-12,03,38.3
2016-01-12,04,36.1
2016-01-12,05,34.0
2016-01-12,06,37.6
2016-01-12,07,41.1
2016-01-12,08,44.7
2016-01-12,09,48.2
2016-01-12,10,51.8
2016-01-12,11,55.3
2016-01-12,12,58.9
2016-01-12,13,62.4
2016-01-12,14,66.0
2016-01-12,15,63.9
2016-01-12,16,61.7
2016-01-12,17,59.6
2016-01-12,18,57.5
2016-01-12,19,55.3
2016-01-12,20,53.2
2016-01-12,21,51.1
2016-01-12,22,48.9
2016-01-12,23,46.8
2016-01-13,00,47.3
2016-01-13,01,45.5
2016-01-13,02,43.6
2016-01-13,03,41.7
2016-01-13,04,39.9
2016-01-13,05,38.0
2016-01-13,06,41.1
2016-01-13,07,44.2
2016-01-13,08,47.3
2016-01-13,09,50.4
2016-01-13,10,53.6
2016-01-13,11,56.7
2016-01-13,12,59.8
2016-01-13,13,62.9
2016-01-13,14,66.0
2016-01-13,15,64.1
2016-01-13,16,62.3
2016-01-13,17,60.4
2016-01-13,18,58.5
2016-01-13,19,56.7
2016-01-13,20,54.8
2016-01-13,21,52.9
2016-01-13,22,51.1
2016-01-13,23,49.2
2016-01-14,00,54.7
2016-01-14,01,53.1
2016-01-14,02,51.6
2016-01-14,03,50.1
2016-01-14,04,48.5
2016-01-14,05,47.0
2016-01-14,06,49.6
2016-01-14,07,52.1
2016-01-14,08,54.7
2016-01-14,09,57.2
2016-01-14,10,59.8
2016-01-14,11,62.3
2016-01-14,12,64.9
2016-01-14,13,67.4
2016-01-14,14,70.0
2016-01-14,15,68.5
2016-01-14,16,66.9
2016-01-14,17,65.4
2016-01-14,18,63.9
2016-01-14,19,62.3
2016-01-14,20,60.8
2016-01-14,21,59.3
2016-01-14,22,57.7
2016-01-14,23,56.2
2016-01-15,00,55.3
2016-01-15,01,53.9
2016-01-15,02,52.4
2016-01-15,03,50.9
2016-01-15,04,49.5
2016-01-15,05,48.0
2016-01-15,06,50.4
2016-01-15,07,52.9
2016-01-15,08,55.3
2016-01-15,09,57.8
2016-01-15,10,60.2
2016-01-15,11,62.7
2016-01-15,12,65.1
2016-01-15,13,67.6
2016-01-15,14,70.0
2016-01-15,15,68.5
2016-01-15,16,67.1
2016-01-15,17,65.6
2016-01-15,18,64.1
2016-01-15,19,62.7
2016-01-15,20,61.2
2016-01-15,21,59.7
2016-01-15,22,58.3
2016-01-15,23,56.8
2016-01-16,00,50.0
2016-01-16,01,48.6
2016-01-16,02,47.2
2016-01-16,03,45.8
2016-01-16,04,44.4
2016-01-16,05,43.0
2016-01-16,06,45.3
2016-01-16,07,47.7
2016-01-16,08,50.0
2016-01-16,09,52.3
2016-01-16,10,54.7
2016-01-16,11,57.0
2016-01-16,12,59.3
2016-01-16,13,61.7
2016-01-16,14,64.0
2016-01-16,15,62.6
2016-01-16,16,61.2
2016-01-16,17,59.8
2016-01-16,18,58.4
2016-01-16,19,57.0
2016-01-16,20,55.6
2016-01-16,21,54.2
2016-01-16,22,52.8
2016-01-16,23,51.4
2016-01-17,00,40.3
2016-01-17,01,38.7
2016-01-17,02,37.0
2016-01-17,03,35.3
2016-01-17,04,33.7
2016-01-17,05,32.0
2016-01-17,06,34.8
2016-01-17,07,37.6
2016-01-17,08,40.3
2016-01-17,09,43.1
2016-01-17,10,45.9
2016-01-17,11,48.7
2016-01-17,12,51.4
2016-01-17,13,54.2
2016-01-17,14,57.0
2016-01-17,15,55.3
2016-01-17,16,53.7
2016-01-17,17,52.0
2016-01-17,18,50.3
2016-01-17,19,48.7
2016-01-17,20,47.0
2016-01-17,21,45.3
2016-01-17,22,43.7
2016-01-17,23,42.0
2016-01-18,00,43.7
2016-01-18,01,42.1
2016-01-18,02,40.6
2016-01-18,03,39.1
2016-01-18,04,37.5
2016-01-18,05,36.0
2016-01-18,06,38.6
2016-01-18,07,41.1
2016-01-18,08,43.7
2016-01-18,09,46.2
2016-01-18,10,48.8
2016-01-18,11,51.3
2016-01-18,12,53.9
2016-01-18,13,56.4
2016-01-18,14,59.0
2016-01-18,15,57.5
2016-01-18,16,55.9
2016-01-18,17,54.4
2016-01-18,18,52.9
2016-01-18,19,51.3
2016-01-18,20,49.8
2016-01-18,21,48.3
2016-01-18,22,46.7
2016-01-18,23,45.2
2016-01-19,00,51.7
2016-01-19,01,49.9
2016-01-19,02,48.2
2016-01-19,03,46.5
2016-01-19,04,44.7
2016-01-19,05,43.0
2016-01-19,06,45.9
2016-01-19,07,48.8
2016-01-19,08,51.7
2016-01-19,09,54.6
2016-01-19,10,57.4
2016-01-19,11,60.3
2016-01-19,12,63.2
2016-01-19,13,66.1
2016-01-19,14,69.0
2016-01-19,15,67.3
2016-01-19,16,65.5
2016-01-19,17,63.8
2016-01-19,18,62.1
2016-01-19,19,60.3
2016-01-19,20,58.6
2016-01-19,21,56.9
2016-01-19,22,55.1
2016-01-19,23,53.4
2016-01-20,00,49.0
2016-01-20,01,48.2
2016-01-20,02,47.4
2016-01-20,03,46.6
2016-01-20,04,45.8
2016-01-20,05,45.0
2016-01-20,06,46.3
2016-01-20,07,47.7
2016-01-20,08,49.0
2016-01-20,09,50.3
2016-01-20,10,51.7
2016-01-20,11,53.0
2016-01-20,12,54.3
2016-01-20,13,55.7
2016-01-20,14,57.0
2016-01-20,15,56.2
2016-01-20,16,55.4
2016-01-20,17,54.6
2016-01-20,18,53.8
2016-01-20,19,53.0
2016-01-20,20,52.2
2016-01-20,21,51.4
2016-01-20,22,50.6
2016-01-20,23,49.8
2016-01-21,00,50.0
2016-01-21,01,48.6
2016-01-21,02,47.2
2016-01-21,03,45.8
2016-01-21,04,44.4
2016-01-21,05,43.0
2016-01-21,06,45.3
2016-01-21,07,47.7
2016-01-21,08,50.0
2016-01-21,09,52.3
2016-01-21,10,54.7
2016-01-21,11,57.0
2016-01-21,12,59.3
2016-01-21,13,61.7
2016-01-21,14,64.0
2016-01-21,15,62.6
2016-01-21,16,61.2
2016-01-21,17,59.8
2016-01-21,18,58.4
2016-01-21,19,57.0
2016-01-21,20,55.6
2016-01-21,21,54.2
2016-01-21,22,52.8
2016-01-21,23,51.4
2016-01-22,00,42.7
2016-01-22,01,41.5
2016-01-22,02,40.4
2016-01-22,03,39.3
2016-01-22,04,38.1
2016-01-22,05,37.0
2016-01-22,06,38.9
2016-01-22,07,40.8
2016-01-22,08,42.7
2016-01-22,09,44.6
2016-01-22,10,46.4
2016-01-22,11,48.3
2016-01-22,12,50.2
2016-01-22,13,52.1
2016-01-22,14,54.0
2016-01-22,15,52.9
2016-01-22,16,51.7
2016-01-22,17,50.6
2016-01-22,18,49.5
2016-01-22,19,48.3
2016-01-22,20,47.2
2016-01-22,21,46.1
2016-01-22,22,44.9
2016-01-22,23,43.8
2016-01-23,00,39.7
2016-01-23,01,37.9
2016-01-23,02,36.2
2016-01-23,03,34.5
2016-01-23,04,32.7
2016-01-23,05,31.0
2016-01-23,06,33.9
2016-01-23,07,36.8
2016-01-23,08,39.7
2016-01-23,09,42.6
2016-01-23,10,45.4
2016-01-23,11,48.3
2016-01-23,12,51.2
2016-01-23,13,54.1
2016-01-23,14,57.0
2016-01-23,15,55.3
2016-01-23,16,53.5
2016-01-23,17,51.8
2016-01-23,18,50.1
2016-01-23,19,48.3
2016-01-23,20,46.6
2016-01-23,21,44.9
2016-01-23,22,43.1
2016-01-23,23,41.4
2016-01-24,00,46.7
2016-01-24,01,44.3
2016-01-24,02,42.0
2016-01-24,03,39.7
2016-01-24,04,37.3
2016-01-24,05,35.0
2016-01-24,06,38.9
2016-01-24,07,42.8
2016-01-24,08,46.7
2016-01-24,09,50.6
2016-01-24,10,54.4
2016-01-24,11,58.3
2016-01-24,12,62.2
2016-01-24,13,66.1
2016-01-24,14,70.0
2016-01-24,15,67.7
2016-01-24,16,65.3
2016-01-24,17,63.0
2016-01-24,18,60.7
2016-01-24,19,58.3
2016-01-24,20,56.0
2016-01-24,21,53.7
2016-01-24,22,51.3
2016-01-24,23,49.0
2016-01-25,00,62.3
2016-01-25,01,61.1
2016-01-25,02,59.8
2016-01-25,03,58.5
2016-01-25,04,57.3
2016-01-25,05,56.0
2016-01-25,06,58.1
2016-01-25,07,60.2
2016-01-25,08,62.3
2016-01-25,09,64.4
2016-01-25,10,66.6
2016-01-25,11,68.7
2016-01-25,12,70.8
2016-01-25,13,72.9
2016-01-25,14,75.0
2016-01-25,15,73.7
2016-01-25,16,72.5
2016-01-25,17,71.2
2016-01-25,18,69.9
2016-01-25,19,68.7
2016-01-25,20,67.4
2016-01-25,21,66.1
2016-01-25,22,64.9
2016-01-25,23,63.6
2016-01-26,00,48.0
2016-01-26,01,47.0
2016-01-26,02,46.0
2016-01-26,03,45.0
2016-01-26,04,44.0
2016-01-26,05,43.0
2016-01-26,06,44.7
2016-01-26,07,46.3
2016-01-26,08,48.0
2016-01-26,09,49.7
2016-01-26,10,51.3
2016-01-26,11,53.0
2016-01-26,12,54.7
2016-01-26,13,56.3
2016-01-26,14,58.0
2016-01-26,15,57.0
2016-01-26,16,56.0
2016-01-26,17,55.0
2016-01-26,18,54.0
2016-01-26,19,53.0
2016-01-26,20,52.0
2016-01-26,21,51.0
2016-01-26,22,50.0
2016-01-26,23,49.0
2016-01-27,00,43.7
2016-01-27,01,42.1
2016-01-27,02,40.6
2016-01-27,03,39.1
2016-01-27,04,37.5
2016-01-27,05,36.0
2016-01-27,06,38.6
2016-01-27,07,41.1
2016-01-27,08,43.7
2016-01-27,09,46.2
2016-01-27,10,48.8
2016-01-27,11,51.3
2016-01-27,12,53.9
2016-01-27,13,56.4
2016-01-27,14,59.0
2016-01-27,15,57.5
2016-01-27,16,55.9
2016-01-27,17,54.4
2016-01-27,18,52.9
2016-01-27,19,51.3
2016-01-27,20,49.8
2016-01-27,21,48.3
2016-01-27,22,46.7
2016-01-27,23,45.2
2016-01-28,00,45.0
2016-01-28,01,42.4
2016-01-28,02,39.8
2016-01-28,03,37.2
2016-01-28,04,34.6
2016-01-28,05,32.0
2016-01-28,06,36.3
2016-01-28,07,40.7
2016-01-28,08,45.0
2016-01-28,09,49.3
2016-01-28,10,53.7
2016-01-28,11,58.0
2016-01-28,12,62.3
2016-01-28,13,66.7
2016-01-28,14,71.0
2016-01-28,15,68.4
2016-01-28,16,65.8
2016-01-28,17,63.2
2016-01-28,18,60.6
2016-01-28,19,58.0
2016-01-28,20,55.4
2016-01-28,21,52.8
2016-01-28,22,50.2
2016-01-28,23,47.6
2016-01-29,00,50.7
2016-01-29,01,48.1
2016-01-29,02,45.6
2016-01-29,03,43.1
2016-01-29,04,40.5
2016-01-29,05,38.0
2016-01-29,06,42.2
2016-01-29,07,46.4
2016-01-29,08,50.7
2016-01-29,09,54.9
2016-01-29,10,59.1
2016-01-29,11,63.3
2016-01-29,12,67.6
2016-01-29,13,71.8
2016-01-29,14,76.0
2016-01-29,15,73.5
2016-01-29,16,70.9
2016-01-29,17,68.4
2016-01-29,18,65.9
2016-01-29,19,63.3
2016-01-29,20,60.8
2016-01-29,21,58.3
2016-01-29,22,55.7
2016-01-29,23,53.2
2016-01-30,00,56.3
2016-01-30,01,54.3
2016-01-30,02,52.2
2016-01-30,03,50.1
2016-01-30,04,48.1
2016-01-30,05,46.0
2016-01-30,06,49.4
2016-01-30,07,52.9
2016-01-30,08,56.3
2016-01-30,09,59.8
2016-01-30,10,63.2
2016-01-30,11,66.7
2016-01-30,12,70.1
2016-01-30,13,73.6
2016-01-30,14,77.0
2016-01-30,15,74.9
2016-01-30,16,72.9
2016-01-30,17,70.8
2016-01-30,18,68.7
2016-01-30,19,66.7
2016-01-30,20,64.6
2016-01-30,21,62.5
2016-01-30,22,60.5
2016-01-30,23,58.4
2016-01-31,00,67.3
2016-01-31,01,65.5
2016-01-31,02,63.6
2016-01-31,03,61.7
2016-01-31,04,59.9
2016-01-31,05,58.0
2016-01-31,06,61.1
2016-01-31,07,64.2
2016-01-31,08,67.3
2016-01-31,09,70.4
2016-01-31,10,73.6
2016-01-31,11,76.7
2016-01-31,12,79.8
2016-01-31,13,82.9
2016-01-31,14,86.0
2016-01-31,15,84.1
2016-01-31,16,82.3
2016-01-31,17,80.4
2016-01-31,18,78.5
2016-01-31,19,76.7
2016-01-31,20,74.8
2016-01-31,21,72.9
2016-01-31,22,71.1
2016-01-31,23,69.2
2016-02-01,00,61.7
2016-02-01,01,60.1
2016-02-01,02,58.6
2016-02-01,03,57.1
2016-02-01,04,55.5
2016-02-01,05,54.0
2016-02-01,06,56.6
2016-02-01,07,59.1
2016-02-01,08,61.7
2016-02-01,09,64.2
2016-02-01,10,66.8
2016-02-01,11,69.3
2016-02-01,12,71.9
2016-02-01,13,74.4
2016-02-01,14,77.0
2016-02-01,15,75.5
2016-02-01,16,73.9
2016-02-01,17,72.4
2016-02-01,18,70.9
2016-02-01,19,69.3
2016-02-01,20,67.8
2016-02-01,21,66.3
2016-02-01,22,64.7
2016-02-01,23,63.2
2016-02-02,00,58.0
2016-02-02,01,56.6
2016-02-02,02,55.2
2016-02-02,03,53.8
2016-02-02,04,52.4
2016-02-02,05,51.0
2016-02-02,06,53.3
2016-02-02,07,55.7
2016-02-02,08,58.0
2016-02-02,09,60.3
2016-02-02,10,62.7
2016-02-02,11,65.0
2016-02-02,12,67.3
2016-02-02,13,69.7
2016-02-02,14,72.0
2016-02-02,15,70.6
2016-02-02,16,69.2
2016-02-02,17,67.8
2016-02-02,18,66.4
2016-02-02,19,65.0
2016-02-02,20,63.6
2016-02-02,21,62.2
2016-02-02,22,60.8
2016-02-02,23,59.4
2016-02-03,00,45.3
2016-02-03,01,44.1
2016-02-03,02,42.8
2016-02-03,03,41.5
2016-02-03,04,40.3
2016-02-03,05,39.0
2016-02-03,06,41.1
2016-02-03,07,43.2
2016-02-03,08,45.3
2016-02-03,09,47.4
2016-02-03,10,49.6
2016-02-03,11,51.7
2016-02-03,12,53.8
2016-02-03,13,55.9
2016-02-03,14,58.0
2016-02-03,15,56.7
2016-02-03,16,55.5
2016-02-03,17,54.2
2016-02-03,18,52.9
2016-02-03,19,51.7
2016-02-03,20,50.4
2016-02-03,21,49.1
2016-02-03,22,47.9
2016-02-03,23,46.6
2016-02-04,00,42.3
2016-02-04,01,40.7
2016-02-04,02,39.0
2016-02-04,03,37.3
2016-02-04,04,35.7
2016-02-04,05,34.0
2016-02-04,06,36.8
2016-02-04,07,39.6
2016-02-04,08,42.3
2016-02-04,09,45.1
2016-02-04,10,47.9
2016-02-04,11,50.7
2016-02-04,12,53.4
2016-02-04,13,56.2
2016-02-04,14,59.0
2016-02-04,15,57.3
2016-02-04,16,55.7
2016-02-04,17,54.0
2016-02-04,18,52.3
2016-02-04,19,50.7
2016-02-04,20,49.0
2016-02-04,21,47.3
2016-02-04,22,45.7
2016-02-04,23,44.0
2016-02-05,00,42.7
2016-02-05,01,40.7
2016-02-05,02,38.8
2016-02-05,03,36.9
2016-02-05,04,34.9
2016-02-05,05,33.0
2016-02-05,06,36.2
2016-02-05,07,39.4
2016-02-05,08,42.7
2016-02-05,09,45.9
2016-02-05,10,49.1
2016-02-05,11,52.3
2016-02-05,12,55.6
2016-02-05,13,58.8
2016-02-05,14,62.0
2016-02-05,15,60.1
2016-02-05,16,58.1
2016-02-05,17,56.2
2016-02-05,18,54.3
2016-02-05,19,52.3
2016-02-05,20,50.4
2016-02-05,21,48.5
2016-02-05,22,46.5
2016-02-05,23,44.6
2016-02-06,00,46.0
2016-02-06,01,44.6
2016-02-06,02,43.2
2016-02-06,03,41.8
2016-02-06,04,40.4
2016-02-06,05,39.0
2016-02-06,06,41.3
2016-02-06,07,43.7
2016-02-06,08,46.0
2016-02-06,09,48.3
2016-02-06,10,50.7
2016-02-06,11,53.0
2016-02-06,12,55.3
2016-02-06,13,57.7
2016-02-06,14,60.0
2016-02-06,15,58.6
2016-02-06,16,57.2
2016-02-06,17,55.8
2016-02-06,18,54.4
2016-02-06,19,53.0
2016-02-06,20,51.6
2016-02-06,21,50.2
2016-02-06,22,48.8
2016-02-06,23,47.4
2016-02-07,00,44.0
2016-02-07,01,41.6
2016-02-07,02,39.2
2016-02-07,03,36.8
2016-02-07,04,34.4
2016-02-07,05,32.0
2016-02-07,06,36.0
2016-02-07,07,40.0
2016-02-07,08,44.0
2016-02-07,09,48.0
2016-02-07,10,52.0
2016-02-07,11,56.0
2016-02-07,12,60.0
2016-02-07,13,64.0
2016-02-07,14,68.0
2016-02-07,15,65.6
2016-02-07,16,63.2
2016-02-07,17,60.8
2016-02-07,18,58.4
2016-02-07,19,56.0
2016-02-07,20,53.6
2016-02-07,21,51.2
2016-02-07,22,48.8
2016-02-07,23,46.4
2016-02-08,00,52.3
2016-02-08,01,51.1
2016-02-08,02,49.8
2016-02-08,03,48.5
2016-02-08,04,47.3
2016-02-08,05,46.0
2016-02-08,06,48.1
2016-02-08,07,50.2
2016-02-08,08,52.3
2016-02-08,09,54.4
2016-02-08,10,56.6
2016-02-08,11,58.7
2016-02-08,12,60.8
2016-02-08,13,62.9
2016-02-08,14,65.0
2016-02-08,15,63.7
2016-02-08,16,62.5
2016-02-08,17,61.2
2016-02-08,18,59.9
2016-02-08,19,58.7
2016-02-08,20,57.4
2016-02-08,21,56.1
2016-02-08,22,54.9
2016-02-08,23,53.6
2016-02-09,00,50.7
2016-02-09,01,48.3
2016-02-09,02,46.0
2016-02-09,03,43.7
2016-02-09,04,41.3
2016-02-09,05,39.0
2016-02-09,06,42.9
2016-02-09,07,46.8
2016-02-09,08,50.7
2016-02-09,09,54.6
2016-02-09,10,58.4
2016-02-09,11,62.3
2016-02-09,12,66.2
2016-02-09,13,70.1
2016-02-09,14,74.0
2016-02-09,15,71.7
2016-02-09,16,69.3
2016-02-09,17,67.0
2016-02-09,18,64.7
2016-02-09,19,62.3
2016-02-09,20,60.0
2016-02-09,21,57.7
2016-02-09,22,55.3
2016-02-09,23,53.0
2016-02-10,00,50.0
2016-02-10,01,47.6
2016-02-10,02,45.2
2016-02-10,03,42.8
2016-02-10,04,40.4
2016-02-10,05,38.0
2016-02-10,06,42.0
2016-02-10,07,46.0
2016-02-10,08,50.0
2016-02-10,09,54.0
2016-02-10,10,58.0
2016-02-10,11,62.0
2016-02-10,12,66.0
2016-02-10,13,70.0
2016-02-10,14,74.0
2016-02-10,15,71.6
2016-02-10,16,69.2
2016-02-10,17,66.8
2016-02-10,18,64.4
2016-02-10,19,62.0
2016-02-10,20,59.6
2016-02-10,21,57.2
2016-02-10,22,54.8
2016-02-10,23,52.4
2016-02-11,00,62.3
2016-02-11,01,60.3
2016-02-11,02,58.2
2016-02-11,03,56.1
2016-02-11,04,54.1
2016-02-11,05,52.0
2016-02-11,06,55.4
2016-02-11,07,58.9
2016-02-11,08,62.3
2016-02-11,09,65.8
2016-02-11,10,69.2
2016-02-11,11,72.7
2016-02-11,12,76.1
2016-02-11,13,79.6
2016-02-11,14,83.0
2016-02-11,15,80.9
2016-02-11,16,78.9
2016-02-11,17,76.8
2016-02-11,18,74.7
2016-02-11,19,72.7
2016-02-11,20,70.6
2016-02-11,21,68.5
2016-02-11,22,66.5
2016-02-11,23,64.4
2016-02-12,00,57.7
2016-02-12,01,55.5
2016-02-12,02,53.4
2016-02-12,03,51.3
2016-02-12,04,49.1
2016-02-12,05,47.0
2016-02-12,06,50.6
2016-02-12,07,54.1
2016-02-12,08,57.7
2016-02-12,09,61.2
2016-02-12,10,64.8
2016-02-12,11,68.3
2016-02-12,12,71.9
2016-02-12,13,75.4
2016-02-12,14,79.0
2016-02-12,15,76.9
2016-02-12,16,74.7
2016-02-12,17,72.6
2016-02-12,18,70.5
2016-02-12,19,68.3
2016-02-12,20,66.2
2016-02-12,21,64.1
2016-02-12,22,61.9
2016-02-12,23,59.8
2016-02-13,00,59.7
2016-02-13,01,58.1
2016-02-13,02,56.6
2016-02-13,03,55.1
2016-02-13,04,53.5
2016-02-13,05,52.0
2016-02-13,06,54.6
2016-02-13,07,57.1
2016-02-13,08,59.7
2016-02-13,09,62.2
2016-02-13,10,64.8
2016-02-13,11,67.3
2016-02-13,12,69.9
2016-02-13,13,72.4
2016-02-13,14,75.0
2016-02-13,15,73.5
2016-02-13,16,71.9
2016-02-13,17,70.4
2016-02-13,18,68.9
2016-02-13,19,67.3
2016-02-13,20,65.8
2016-02-13,21,64.3
2016-02-13,22,62.7
2016-02-13,23,61.2
2016-02-14,00,63.0
2016-02-14,01,61.8
2016-02-14,02,60.6
2016-02-14,03,59.4
2016-02-14,04,58.2
2016-02-14,05,57.0
2016-02-14,06,59.0
2016-02-14,07,61.0
2016-02-14,08,63.0
2016-02-14,09,65.0
2016-02-14,10,67.0
2016-02-14,11,69.0
2016-02-14,12,71.0
2016-02-14,13,73.0
2016-02-14,14,75.0
2016-02-14,15,73.8
2016-02-14,16,72.6
2016-02-14,17,71.4
2016-02-14,18,70.2
2016-02-14,19,69.0
2016-02-14,20,67.8
2016-02-14,21,66.6
2016-02-14,22,65.4
2016-02-14,23,64.2
2016-02-15,00,58.0
2016-02-15,01,56.4
2016-02-15,02,54.8
2016-02-15,03,53.2
2016-02-15,04,51.6
2016-02-15,05,50.0
2016-02-15,06,52.7
2016-02-15,07,55.3
2016-02-15,08,58.0
2016-02-15,09,60.7
2016-02-15,10,63.3
2016-02-15,11,66.0
2016-02-15,12,68.7
2016-02-15,13,71.3
2016-02-15,14,74.0
2016-02-15,15,72.4
2016-02-15,16,70.8
2016-02-15,17,69.2
2016-02-15,18,67.6
2016-02-15,19,66.0
2016-02-15,20,64.4
2016-02-15,21,62.8
2016-02-15,22,61.2
2016-02-15,23,59.6
2016-02-16,00,56.0
2016-02-16,01,53.4
2016-02-16,02,50.8
2016-02-16,03,48.2
2016-02-16,04,45.6
2016-02-16,05,43.0
2016-02-16,06,47.3
2016-02-16,07,51.7
2016-02-16,08,56.0
2016-02-16,09,60.3
2016-02-16,10,64.7
2016-02-16,11,69.0
2016-02-16,12,73.3
2016-02-16,13,77.7
2016-02-16,14,82.0
2016-02-16,15,79.4
2016-02-16,16,76.8
2016-02-16,17,74.2
2016-02-16,18,71.6
2016-02-16,19,69.0
2016-02-16,20,66.4
2016-02-16,21,63.8
2016-02-16,22,61.2
2016-02-16,23,58.6
2016-02-17,00,58.3
2016-02-17,01,56.7
2016-02-17,02,55.0
2016-02-17,03,53.3
2016-02-17,04,51.7
2016-02-17,05,50.0
2016-02-17,06,52.8
2016-02-17,07,55.6
2016-02-17,08,58.3
2016-02-17,09,61.1
2016-02-17,10,63.9
2016-02-17,11,66.7
2016-02-17,12,69.4
2016-02-17,13,72.2
2016-02-17,14,75.0
2016-02-17,15,73.3
2016-02-17,16,71.7
2016-02-17,17,70.0
2016-02-17,18,68.3
2016-02-17,19,66.7
2016-02-17,20,65.0
2016-02-17,21,63.3
2016-02-17,22,61.7
2016-02-17,23,60.0
2016-02-18,00,62.3
2016-02-18,01,60.7
2016-02-18,02,59.0
2016-02-18,03,57.3
2016-02-18,04,55.7
2016-02-18,05,54.0
2016-02-18,06,56.8
2016-02-18,07,59.6
2016-02-18,08,62.3
2016-02-18,09,65.1
2016-02-18,10,67.9
2016-02-18,11,70.7
2016-02-18,12,73.4
2016-02-18,13,76.2
2016-02-18,14,79.0
2016-02-18,15,77.3
2016-02-18,16,75.7
2016-02-18,17,74.0
2016-02-18,18,72.3
2016-02-18,19,70.7
2016-02-18,20,69.0
2016-02-18,21,67.3
2016-02-18,22,65.7
2016-02-18,23,64.0
2016-02-19,00,69.7
2016-02-19,01,68.5
2016-02-19,02,67.4
2016-02-19,03,66.3
2016-02-19,04,65.1
2016-02-19,05,64.0
2016-02-19,06,65.9
2016-02-19,07,67.8
2016-02-19,08,69.7
2016-02-19,09,71.6
2016-02-19,10,73.4
2016-02-19,11,75.3
2016-02-19,12,77.2
2016-02-19,13,79.1
2016-02-19,14,81.0
2016-02-19,15,79.9
2016-02-19,16,78.7
2016-02-19,17,77.6
2016-02-19,18,76.5
2016-02-19,19,75.3
2016-02-19,20,74.2
2016-02-19,21,73.1
2016-02-19,22,71.9
2016-02-19,23,70.8
2016-02-20,00,69.3
2016-02-20,01,68.7
2016-02-20,02,68.0
2016-02-20,03,67.3
2016-02-20,04,66.7
2016-02-20,05,66.0
2016-02-20,06,67.1
2016-02-20,07,68.2
2016-02-20,08,69.3
2016-02-20,09,70.4
2016-02-20,10,71.6
2016-02-20,11,72.7
2016-02-20,12,73.8
2016-02-20,13,74.9
2016-02-20,14,76.0
2016-02-20,15,75.3
2016-02-20,16,74.7
2016-02-20,17,74.0
2016-02-20,18,73.3
2016-02-20,19,72.7
2016-02-20,20,72.0
2016-02-20,21,71.3
2016-02-20,22,70.7
2016-02-20,23,70.0
2016-02-21,00,67.0
2016-02-21,01,66.6
2016-02-21,02,66.2
2016-02-21,03,65.8
2016-02-21,04,65.4
2016-02-21,05,65.0
2016-02-21,06,65.7
2016-02-21,07,66.3
2016-02-21,08,67.0
2016-02-21,09,67.7
2016-02-21,10,68.3
2016-02-21,11,69.0
2016-02-21,12,69.7
2016-02-21,13,70.3
2016-02-21,14,71.0
2016-02-21,15,70.6
2016-02-21,16,70.2
2016-02-21,17,69.8
2016-02-21,18,69.4
2016-02-21,19,69.0
2016-02-21,20,68.6
2016-02-21,21,68.2
2016-02-21,22,67.8
2016-02-21,23,67.4
2016-02-22,00,62.0
2016-02-22,01,61.0
2016-02-22,02,60.0
2016-02-22,03,59.0
2016-02-22,04,58.0
2016-02-22,05,57.0
2016-02-22,06,58.7
2016-02-22,07,60.3
2016-02-22,08,62.0
2016-02-22,09,63.7
2016-02-22,10,65.3
2016-02-22,11,67.0
2016-02-22,12,68.7
2016-02-22,13,70.3
2016-02-22,14,72.0
2016-02-22,15,71.0
2016-02-22,16,70.0
2016-02-22,17,69.0
2016-02-22,18,68.0
2016-02-22,19,67.0
2016-02-22,20,66.0
2016-02-22,21,65.0
2016-02-22,22,64.0
2016-02-22,23,63.0
2016-02-23,00,51.7
2016-02-23,01,50.7
2016-02-23,02,49.8
2016-02-23,03,48.9
2016-02-23,04,47.9
2016-02-23,05,47.0
2016-02-23,06,48.6
2016-02-23,07,50.1
2016-02-23,08,51.7
2016-02-23,09,53.2
2016-02-23,10,54.8
2016-02-23,11,56.3
2016-02-23,12,57.9
2016-02-23,13,59.4
2016-02-23,14,61.0
2016-02-23,15,60.1
2016-02-23,16,59.1
2016-02-23,17,58.2
2016-02-23,18,57.3
2016-02-23,19,56.3
2016-02-23,20,55.4
2016-02-23,21,54.5
2016-02-23,22,53.5
2016-02-23,23,52.6
2016-02-24,00,49.7
2016-02-24,01,48.1
2016-02-24,02,46.6
2016-02-24,03,45.1
2016-02-24,04,43.5
2016-02-24,05,42.0
2016-02-24,06,44.6
2016-02-24,07,47.1
2016-02-24,08,49.7
2016-02-24,09,52.2
2016-02-24,10,54.8
2016-02-24,11,57.3
2016-02-24,12,59.9
2016-02-24,13,62.4
2016-02-24,14,65.0
2016-02-24,15,63.5
2016-02-24,16,61.9
2016-02-24,17,60.4
2016-02-24,18,58.9
2016-02-24,19,57.3
2016-02-24,20,55.8
2016-02-24,21,54.3
2016-02-24,22,52.7
2016-02-24,23,51.2
2016-02-25,00,48.3
2016-02-25,01,46.3
2016-02-25,02,44.2
2016-02-25,03,42.1
2016-02-25,04,40.1
2016-02-25,05,38.0
2016-02-25,06,41.4
2016-02-25,07,44.9
2016-02-25,08,48.3
2016-02-25,09,51.8
2016-02-25,10,55.2
2016-02-25,11,58.7
2016-02-25,12,62.1
2016-02-25,13,65.6
2016-02-25,14,69.0
2016-02-25,15,66.9
2016-02-25,16,64.9
2016-02-25,17,62.8
2016-02-25,18,60.7
2016-02-25,19,58.7
2016-02-25,20,56.6
2016-02-25,21,54.5
2016-02-25,22,52.5
2016-02-25,23,50.4
2016-02-26,00,48.7
2016-02-26,01,47.1
2016-02-26,02,45.6
2016-02-26,03,44.1
2016-02-26,04,42.5
2016-02-26,05,41.0
2016-02-26,06,43.6
2016-02-26,07,46.1
2016-02-26,08,48.7
2016-02-26,09,51.2
2016-02-26,10,53.8
2016-02-26,11,56.3
2016-02-26,12,58.9
2016-02-26,13,61.4
2016-02-26,14,64.0
2016-02-26,15,62.5
2016-02-26,16,60.9
2016-02-26,17,59.4
2016-02-26,18,57.9
2016-02-26,19,56.3
2016-02-26,20,54.8
2016-02-26,21,53.3
2016-02-26,22,51.7
2016-02-26,23,50.2
2016-02-27,00,52.3
2016-02-27,01,50.3
2016-02-27,02,48.2
2016-02-27,03,46.1
2016-02-27,04,44.1
2016-02-27,05,42.0
2016-02-27,06,45.4
2016-02-27,07,48.9
2016-02-27,08,52.3
2016-02-27,09,55.8
2016-02-27,10,59.2
2016-02-27,11,62.7
2016-02-27,12,66.1
2016-02-27,13,69.6
2016-02-27,14,73.0
2016-02-27,15,70.9
2016-02-27,16,68.9
2016-02-27,17,66.8
2016-02-27,18,64.7
2016-02-27,19,62.7
2016-02-27,20,60.6
2016-02-27,21,58.5
2016-02-27,22,56.5
2016-02-27,23,54.4
2016-02-28,00,62.7
2016-02-28,01,61.1
2016-02-28,02,59.6
2016-02-28,03,58.1
2016-02-28,04,56.5
2016-02-28,05,55.0
2016-02-28,06,57.6
2016-02-28,07,60.1
2016-02-28,08,62.7
2016-02-28,09,65.2
2016-02-28,10,67.8
2016-02-28,11,70.3
2016-02-28,12,72.9
2016-02-28,13,75.4
2016-02-28,14,78.0
2016-02-28,15,76.5
2016-02-28,16,74.9
2016-02-28,17,73.4
2016-02-28,18,71.9
2016-02-28,19,70.3
2016-02-28,20,68.8
2016-02-28,21,67.3
2016-02-28,22,65.7
2016-02-28,23,64.2
2016-02-29,00,67.0
2016-02-29,01,66.0
2016-02-29,02,65.0
2016-02-29,03,64.0
2016-02-29,04,63.0
2016-02-29,05,62.0
2016-02-29,06,63.7
2016-02-29,07,65.3
2016-02-29,08,67.0
2016-02-29,09,68.7
2016-02-29,10,70.3
2016-02-29,11,72.0
2016-02-29,12,73.7
2016-02-29,13,75.3
2016-02-29,14,77.0
2016-02-29,15,76.0
2016-02-29,16,75.0
2016-02-29,17,74.0
2016-02-29,18,73.0
2016-02-29,19,72.0
2016-02-29,20,71.0
2016-02-29,21,70.0
2016-02-29,22,69.0
2016-02-29,23,68.0
2016-03-01,00,66.3
2016-03-01,01,64.9
2016-03-01,02,63.4
2016-03-01,03,61.9
2016-03-01,04,60.5
2016-03-01,05,59.0
2016-03-01,06,61.4
2016-03-01,07,63.9
2016-03-01,08,66.3
2016-03-01,09,68.8
2016-03-01,10,71.2
2016-03-01,11,73.7
2016-03-01,12,76.1
2016-03-01,13,78.6
2016-03-01,14,81.0
2016-03-01,15,79.5
2016-03-01,16,78.1
2016-03-01,17,76.6
2016-03-01,18,75.1
2016-03-01,19,73.7
2016-03-01,20,72.2
2016-03-01,21,70.7
2016-03-01,22,69.3
2016-03-01,23,67.8
2016-03-02,00,58.7
2016-03-02,01,56.7
2016-03-02,02,54.8
2016-03-02,03,52.9
2016-03-02,04,50.9
2016-03-02,05,49.0
2016-03-02,06,52.2
2016-03-02,07,55.4
2016-03-02,08,58.7
2016-03-02,09,61.9
2016-03-02,10,65.1
2016-03-02,11,68.3
2016-03-02,12,71.6
2016-03-02,13,74.8
2016-03-02,14,78.0
2016-03-02,15,76.1
2016-03-02,16,74.1
2016-03-02,17,72.2
2016-03-02,18,70.3
2016-03-02,19,68.3
2016-03-02,20,66.4
2016-03-02,21,64.5
2016-03-02,22,62.5
2016-03-02,23,60.6
2016-03-03,00,69.0
2016-03-03,01,67.6
2016-03-03,02,66.2
2016-03-03,03,64.8
2016-03-03,04,63.4
2016-03-03,05,62.0
2016-03-03,06,64.3
2016-03-03,07,66.7
2016-03-03,08,69.0
2016-03-03,09,71.3
2016-03-03,10,73.7
2016-03-03,11,76.0
2016-03-03,12,78.3
2016-03-03,13,80.7
2016-03-03,14,83.0
2016-03-03,15,81.6
2016-03-03,16,80.2
2016-03-03,17,78.8
2016-03-03,18,77.4
2016-03-03,19,76.0
2016-03-03,20,74.6
2016-03-03,21,73.2
2016-03-03,22,71.8
2016-03-03,23,70.4
2016-03-04,00,55.3
2016-03-04,01,53.3
2016-03-04,02,51.2
2016-03-04,03,49.1
2016-03-04,04,47.1
2016-03-04,05,45.0
2016-03-04,06,48.4
2016-03-04,07,51.9
2016-03-04,08,55.3
2016-03-04,09,58.8
2016-03-04,10,62.2
2016-03-04,11,65.7
2016-03-04,12,69.1
2016-03-04,13,72.6
2016-03-04,14,76.0
2016-03-04,15,73.9
2016-03-04,16,71.9
2016-03-04,17,69.8
2016-03-04,18,67.7
2016-03-04,19,65.7
2016-03-04,20,63.6
2016-03-04,21,61.5
2016-03-04,22,59.5
2016-03-04,23,57.4
2016-03-05,00,64.3
2016-03-05,01,62.9
2016-03-05,02,61.4
2016-03-05,03,59.9
2016-03-05,04,58.5
2016-03-05,05,57.0
2016-03-05,06,59.4
2016-03-05,07,61.9
2016-03-05,08,64.3
2016-03-05,09,66.8
2016-03-05,10,69.2
2016-03-05,11,71.7
2016-03-05,12,74.1
2016-03-05,13,76.6
2016-03-05,14,79.0
2016-03-05,15,77.5
2016-03-05,16,76.1
2016-03-05,17,74.6
2016-03-05,18,73.1
2016-03-05,19,71.7
2016-03-05,20,70.2
2016-03-05,21,68.7
2016-03-05,22,67.3
2016-03-05,23,65.8
2016-03-06,00,64.3
2016-03-06,01,63.1
2016-03-06,02,61.8
2016-03-06,03,60.5
2016-03-06,04,59.3
2016-03-06,05,58.0
2016-03-06,06,60.1
2016-03-06,07,62.2
2016-03-06,08,64.3
2016-03-06,09,66.4
2016-03-06,10,68.6
2016-03-06,11,70.7
2016-03-06,12,72.8
2016-03-06,13,74.9
2016-03-06,14,77.0
2016-03-06,15,75.7
2016-03-06,16,74.5
2016-03-06,17,73.2
2016-03-06,18,71.9
2016-03-06,19,70.7
2016-03-06,20,69.4
2016-03-06,21,68.1
2016-03-06,22,66.9
2016-03-06,23,65.6
2016-03-07,00,68.0
2016-03-07,01,67.2
2016-03-07,02,66.4
2016-03-07,03,65.6
2016-03-07,04,64.8
2016-03-07,05,64.0
2016-03-07,06,65.3
2016-03-07,07,66.7
2016-03-07,08,68.0
2016-03-07,09,69.3
2016-03-07,10,70.7
2016-03-07,11,72.0
2016-03-07,12,73.3
2016-03-07,13,74.7
2016-03-07,14,76.0
2016-03-07,15,75.2
2016-03-07,16,74.4
2016-03-07,17,73.6
2016-03-07,18,72.8
2016-03-07,19,72.0
2016-03-07,20,71.2
2016-03-07,21,70.4
2016-03-07,22,69.6
2016-03-07,23,68.8
2016-03-08,00,73.0
2016-03-08,01,72.0
2016-03-08,02,71.0
2016-03-08,03,70.0
2016-03-08,04,69.0
2016-03-08,05,68.0
2016-03-08,06,69.7
2016-03-08,07,71.3
2016-03-08,08,73.0
2016-03-08,09,74.7
2016-03-08,10,76.3
2016-03-08,11,78.0
2016-03-08,12,79.7
2016-03-08,13,81.3
2016-03-08,14,83.0
2016-03-08,15,82.0
2016-03-08,16,81.0
2016-03-08,17,80.0
2016-03-08,18,79.0
2016-03-08,19,78.0
2016-03-08,20,77.0
2016-03-08,21,76.0
2016-03-08,22,75.0
2016-03-08,23,74.0
2016-03-09,00,63.0
2016-03-09,01,62.2
2016-03-09,02,61.4
2016-03-09,03,60.6
2016-03-09,04,59.8
2016-03-09,05,59.0
2016-03-09,06,60.3
2016-03-09,07,61.7
2016-03-09,08,63.0
2016-03-09,09,64.3
2016-03-09,10,65.7
2016-03-09,11,67.0
2016-03-09,12,68.3
2016-03-09,13,69.7
2016-03-09,14,71.0
2016-03-09,15,70.2
2016-03-09,16,69.4
2016-03-09,17,68.6
2016-03-09,18,67.8
2016-03-09,19,67.0
2016-03-09,20,66.2
2016-03-09,21,65.4
2016-03-09,22,64.6
2016-03-09,23,63.8
2016-03-10,00,60.0
2016-03-10,01,59.6
2016-03-10,02,59.2
2016-03-10,03,58.8
2016-03-10,04,58.4
2016-03-10,05,58.0
2016-03-10,06,58.7
2016-03-10,07,59.3
2016-03-10,08,60.0
2016-03-10,09,60.7
2016-03-10,10,61.3
2016-03-10,11,62.0
2016-03-10,12,62.7
2016-03-10,13,63.3
2016-03-10,14,64.0
2016-03-10,15,63.6
2016-03-10,16,63.2
2016-03-10,17,62.8
2016-03-10,18,62.4
2016-03-10,19,62.0
2016-03-10,20,61.6
2016-03-10,21,61.2
2016-03-10,22,60.8
2016-03-10,23,60.4
2016-03-11,00,63.0
2016-03-11,01,62.2
2016-03-11,02,61.4
2016-03-11,03,60.6
2016-03-11,04,59.8
2016-03-11,05,59.0
2016-03-11,06,60.3
2016-03-11,07,61.7
2016-03-11,08,63.0
2016-03-11,09,64.3
2016-03-11,10,65.7
2016-03-11,11,67.0
2016-03-11,12,68.3
2016-03-11,13,69.7
2016-03-11,14,71.0
2016-03-11,15,70.2
2016-03-11,16,69.4
2016-03-11,17,68.6
2016-03-11,18,67.8
2016-03-11,19,67.0
2016-03-11,20,66.2
2016-03-11,21,65.4
2016-03-11,22,64.6
2016-03-11,23,63.8
2016-03-12,00,62.7
2016-03-12,01,61.5
2016-03-12,02,60.4
2016-03-12,03,59.3
2016-03-12,04,58.1
2016-03-12,05,57.0
2016-03-12,06,58.9
2016-03-12,07,60.8
2016-03-12,08,62.7
2016-03-12,09,64.6
2016-03-12,10,66.4
2016-03-12,11,68.3
2016-03-12,12,70.2
2016-03-12,13,72.1
2016-03-12,14,74.0
2016-03-12,15,72.9
2016-03-12,16,71.7
2016-03-12,17,70.6
2016-03-12,18,69.5
2016-03-12,19,68.3
2016-03-12,20,67.2
2016-03-12,21,66.1
2016-03-12,22,64.9
2016-03-12,23,63.8
2016-03-13,00,65.7
2016-03-13,01,63.7
2016-03-13,02,61.8
2016-03-13,03,59.9
2016-03-13,04,57.9
2016-03-13,05,56.0
2016-03-13,06,59.2
2016-03-13,07,62.4
2016-03-13,08,65.7
2016-03-13,09,68.9
2016-03-13,10,72.1
2016-03-13,11,75.3
2016-03-13,12,78.6
2016-03-13,13,81.8
2016-03-13,14,85.0
2016-03-13,15,83.1
2016-03-13,16,81.1
2016-03-13,17,79.2
2016-03-13,18,77.3
2016-03-13,19,75.3
2016-03-13,20,73.4
2016-03-13,21,71.5
2016-03-13,22,69.5
2016-03-13,23,67.6
2016-03-14,00,66.7
2016-03-14,01,64.1
2016-03-14,02,61.6
2016-03-14,03,59.1
2016-03-14,04,56.5
2016-03-14,05,54.0
2016-03-14,06,58.2
2016-03-14,07,62.4
2016-03-14,08,66.7
2016-03-14,09,70.9
2016-03-14,10,75.1
2016-03-14,11,79.3
2016-03-14,12,83.6
2016-03-14,13,87.8
2016-03-14,14,92.0
2016-03-14,15,89.5
2016-03-14,16,86.9
2016-03-14,17,84.4
2016-03-14,18,81.9
2016-03-14,19,79.3
2016-03-14,20,76.8
2016-03-14,21,74.3
2016-03-14,22,71.7
2016-03-14,23,69.2
2016-03-15,00,75.3
2016-03-15,01,73.7
2016-03-15,02,72.0
2016-03-15,03,70.3
2016-03-15,04,68.7
2016-03-15,05,67.0
2016-03-15,06,69.8
2016-03-15,07,72.6
2016-03-15,08,75.3
2016-03-15,09,78.1
2016-03-15,10,80.9
2016-03-15,11,83.7
2016-03-15,12,86.4
2016-03-15,13,89.2
2016-03-15,14,92.0
2016-03-15,15,90.3
2016-03-15,16,88.7
2016-03-15,17,87.0
2016-03-15,18,85.3
2016-03-15,19,83.7
2016-03-15,20,82.0
2016-03-15,21,80.3
2016-03-15,22,78.7
2016-03-15,23,77.0
2016-03-16,00,67.7
2016-03-16,01,66.3
2016-03-16,02,65.0
2016-03-16,03,63.7
2016-03-16,04,62.3
2016-03-16,05,61.0
2016-03-16,06,63.2
2016-03-16,07,65.4
2016-03-16,08,67.7
2016-03-16,09,69.9
2016-03-16,10,72.1
2016-03-16,11,74.3
2016-03-16,12,76.6
2016-03-16,13,78.8
2016-03-16,14,81.0
2016-03-16,15,79.7
2016-03-16,16,78.3
2016-03-16,17,77.0
2016-03-16,18,75.7
2016-03-16,19,74.3
2016-03-16,20,73.0
2016-03-16,21,71.7
2016-03-16,22,70.3
2016-03-16,23,69.0
2016-03-17,00,71.0
2016-03-17,01,70.2
2016-03-17,02,69.4
2016-03-17,03,68.6
2016-03-17,04,67.8
2016-03-17,05,67.0
2016-03-17,06,68.3
2016-03-17,07,69.7
2016-03-17,08,71.0
2016-03-17,09,72.3
2016-03-17,10,73.7
2016-03-17,11,75.0
2016-03-17,12,76.3
2016-03-17,13,77.7
2016-03-17,14,79.0
2016-03-17,15,78.2
2016-03-17,16,77.4
2016-03-17,17,76.6
2016-03-17,18,75.8
2016-03-17,19,75.0
2016-03-17,20,74.2
2016-03-17,21,73.4
2016-03-17,22,72.6
2016-03-17,23,71.8
2016-03-18,00,63.7
2016-03-18,01,62.1
2016-03-18,02,60.6
2016-03-18,03,59.1
2016-03-18,04,57.5
2016-03-18,05,56.0
2016-03-18,06,58.6
2016-03-18,07,61.1
2016-03-18,08,63.7
2016-03-18,09,66.2
2016-03-18,10,68.8
2016-03-18,11,71.3
2016-03-18,12,73.9
2016-03-18,13,76.4
2016-03-18,14,79.0
2016-03-18,15,77.5
2016-03-18,16,75.9
2016-03-18,17,74.4
2016-03-18,18,72.9
2016-03-18,19,71.3
2016-03-18,20,69.8
2016-03-18,21,68.3
2016-03-18,22,66.7
2016-03-18,23,65.2
2016-03-19,00,52.0
2016-03-19,01,51.0
2016-03-19,02,50.0
2016-03-19,03,49.0
2016-03-19,04,48.0
2016-03-19,05,47.0
2016-03-19,06,48.7
2016-03-19,07,50.3
2016-03-19,08,52.0
2016-03-19,09,53.7
2016-03-19,10,55.3
2016-03-19,11,57.0
2016-03-19,12,58.7
2016-03-19,13,60.3
2016-03-19,14,62.0
2016-03-19,15,61.0
2016-03-19,16,60.0
2016-03-19,17,59.0
2016-03-19,18,58.0
2016-03-19,19,57.0
2016-03-19,20,56.0
2016-03-19,21,55.0
2016-03-19,22,54.0
2016-03-19,23,53.0
2016-03-20,00,49.3
2016-03-20,01,47.9
2016-03-20,02,46.4
2016-03-20,03,44.9
2016-03-20,04,43.5
2016-03-20,05,42.0
2016-03-20,06,44.4
2016-03-20,07,46.9
2016-03-20,08,49.3
2016-03-20,09,51.8
2016-03-20,10,54.2
2016-03-20,11,56.7
2016-03-20,12,59.1
2016-03-20,13,61.6
2016-03-20,14,64.0
2016-03-20,15,62.5
2016-03-20,16,61.1
2016-03-20,17,59.6
2016-03-20,18,58.1
2016-03-20,19,56.7
2016-03-20,20,55.2
2016-03-20,21,53.7
2016-03-20,22,52.3
2016-03-20,23,50.8
2016-03-21,00,46.0
2016-03-21,01,43.8
2016-03-21,02,41.6
2016-03-21,03,39.4
2016-03-21,04,37.2
2016-03-21,05,35.0
2016-03-21,06,38.7
2016-03-21,07,42.3
2016-03-21,08,46.0
2016-03-21,09,49.7
2016-03-21,10,53.3
2016-03-21,11,57.0
2016-03-21,12,60.7
2016-03-21,13,64.3
2016-03-21,14,68.0
2016-03-21,15,65.8
2016-03-21,16,63.6
2016-03-21,17,61.4
2016-03-21,18,59.2
2016-03-21,19,57.0
2016-03-21,20,54.8
2016-03-21,21,52.6
2016-03-21,22,50.4
2016-03-21,23,48.2
2016-03-22,00,56.0
2016-03-22,01,53.8
2016-03-22,02,51.6
2016-03-22,03,49.4
2016-03-22,04,47.2
2016-03-22,05,45.0
2016-03-22,06,48.7
2016-03-22,07,52.3
2016-03-22,08,56.0
2016-03-22,09,59.7
2016-03-22,10,63.3
2016-03-22,11,67.0
2016-03-22,12,70.7
2016-03-22,13,74.3
2016-03-22,14,78.0
2016-03-22,15,75.8
2016-03-22,16,73.6
2016-03-22,17,71.4
2016-03-22,18,69.2
2016-03-22,19,67.0
2016-03-22,20,64.8
2016-03-22,21,62.6
2016-03-22,22,60.4
2016-03-22,23,58.2
2016-03-23,00,70.7
2016-03-23,01,69.5
2016-03-23,02,68.4
2016-03-23,03,67.3
2016-03-23,04,66.1
2016-03-23,05,65.0
2016-03-23,06,66.9
2016-03-23,07,68.8
2016-03-23,08,70.7
2016-03-23,09,72.6
2016-03-23,10,74.4
2016-03-23,11,76.3
2016-03-23,12,78.2
2016-03-23,13,80.1
2016-03-23,14,82.0
2016-03-23,15,80.9
2016-03-23,16,79.7
2016-03-23,17,78.6
2016-03-23,18,77.5
2016-03-23,19,76.3
2016-03-23,20,75.2
2016-03-23,21,74.1
2016-03-23,22,72.9
2016-03-23,23,71.8
2016-03-24,00,55.3
2016-03-24,01,53.9
2016-03-24,02,52.4
2016-03-24,03,50.9
2016-03-24,04,49.5
2016-03-24,05,48.0
2016-03-24,06,50.4
2016-03-24,07,52.9
2016-03-24,08,55.3
2016-03-24,09,57.8
2016-03-24,10,60.2
2016-03-24,11,62.7
2016-03-24,12,65.1
2016-03-24,13,67.6
2016-03-24,14,70.0
2016-03-24,15,68.5
2016-03-24,16,67.1
2016-03-24,17,65.6
2016-03-24,18,64.1
2016-03-24,19,62.7
2016-03-24,20,61.2
2016-03-24,21,59.7
2016-03-24,22,58.3
2016-03-24,23,56.8
2016-03-25,00,51.7
2016-03-25,01,49.5
2016-03-25,02,47.4
2016-03-25,03,45.3
2016-03-25,04,43.1
2016-03-25,05,41.0
2016-03-25,06,44.6
2016-03-25,07,48.1
2016-03-25,08,51.7
2016-03-25,09,55.2
2016-03-25,10,58.8
2016-03-25,11,62.3
2016-03-25,12,65.9
2016-03-25,13,69.4
2016-03-25,14,73.0
2016-03-25,15,70.9
2016-03-25,16,68.7
2016-03-25,17,66.6
2016-03-25,18,64.5
2016-03-25,19,62.3
2016-03-25,20,60.2
2016-03-25,21,58.1
2016-03-25,22,55.9
2016-03-25,23,53.8
2016-03-26,00,56.7
2016-03-26,01,54.9
2016-03-26,02,53.2
2016-03-26,03,51.5
2016-03-26,04,49.7
2016-03-26,05,48.0
2016-03-26,06,50.9
2016-03-26,07,53.8
2016-03-26,08,56.7
2016-03-26,09,59.6
2016-03-26,10,62.4
2016-03-26,11,65.3
2016-03-26,12,68.2
2016-03-26,13,71.1
2016-03-26,14,74.0
2016-03-26,15,72.3
2016-03-26,16,70.5
2016-03-26,17,68.8
2016-03-26,18,67.1
2016-03-26,19,65.3
2016-03-26,20,63.6
2016-03-26,21,61.9
2016-03-26,22,60.1
2016-03-26,23,58.4
2016-03-27,00,62.0
2016-03-27,01,60.8
2016-03-27,02,59.6
2016-03-27,03,58.4
2016-03-27,04,57.2
2016-03-27,05,56.0
2016-03-27,06,58.0
2016-03-27,07,60.0
2016-03-27,08,62.0
2016-03-27,09,64.0
2016-03-27,10,66.0
2016-03-27,11,68.0
2016-03-27,12,70.0
2016-03-27,13,72.0
2016-03-27,14,74.0
2016-03-27,15,72.8
2016-03-27,16,71.6
2016-03-27,17,70.4
2016-03-27,18,69.2
2016-03-27,19,68.0
2016-03-27,20,66.8
2016-03-27,21,65.6
2016-03-27,22,64.4
2016-03-27,23,63.2
2016-03-28,00,57.0
2016-03-28,01,55.2
2016-03-28,02,53.4
2016-03-28,03,51.6
2016-03-28,04,49.8
2016-03-28,05,48.0
2016-03-28,06,51.0
2016-03-28,07,54.0
2016-03-28,08,57.0
2016-03-28,09,60.0
2016-03-28,10,63.0
2016-03-28,11,66.0
2016-03-28,12,69.0
2016-03-28,13,72.0
2016-03-28,14,75.0
2016-03-28,15,73.2
2016-03-28,16,71.4
2016-03-28,17,69.6
2016-03-28,18,67.8
2016-03-28,19,66.0
2016-03-28,20,64.2
2016-03-28,21,62.4
2016-03-28,22,60.6
2016-03-28,23,58.8
2016-03-29,00,61.7
2016-03-29,01,60.9
2016-03-29,02,60.2
2016-03-29,03,59.5
2016-03-29,04,58.7
2016-03-29,05,58.0
2016-03-29,06,59.2
2016-03-29,07,60.4
2016-03-29,08,61.7
2016-03-29,09,62.9
2016-03-29,10,64.1
2016-03-29,11,65.3
2016-03-29,12,66.6
2016-03-29,13,67.8
2016-03-29,14,69.0
2016-03-29,15,68.3
2016-03-29,16,67.5
2016-03-29,17,66.8
2016-03-29,18,66.1
2016-03-29,19,65.3
2016-03-29,20,64.6
2016-03-29,21,63.9
2016-03-29,22,63.1
2016-03-29,23,62.4
2016-03-30,00,71.0
2016-03-30,01,70.4
2016-03-30,02,69.8
2016-03-30,03,69.2
2016-03-30,04,68.6
2016-03-30,05,68.0
2016-03-30,06,69.0
2016-03-30,07,70.0
2016-03-30,08,71.0
2016-03-30,09,72.0
2016-03-30,10,73.0
2016-03-30,11,74.0
2016-03-30,12,75.0
2016-03-30,13,76.0
2016-03-30,14,77.0
2016-03-30,15,76.4
2016-03-30,16,75.8
2016-03-30,17,75.2
2016-03-30,18,74.6
2016-03-30,19,74.0
2016-03-30,20,73.4
2016-03-30,21,72.8
2016-03-30,22,72.2
2016-03-30,23,71.6
2016-03-31,00,72.7
2016-03-31,01,71.3
2016-03-31,02,70.0
2016-03-31,03,68.7
2016-03-31,04,67.3
2016-03-31,05,66.0
2016-03-31,06,68.2
2016-03-31,07,70.4
2016-03-31,08,72.7
2016-03-31,09,74.9
2016-03-31,10,77.1
2016-03-31,11,79.3
2016-03-31,12,81.6
2016-03-31,13,83.8
2016-03-31,14,86.0
2016-03-31,15,84.7
2016-03-31,16,83.3
2016-03-31,17,82.0
2016-03-31,18,80.7
2016-03-31,19,79.3
2016-03-31,20,78.0
2016-03-31,21,76.7
2016-03-31,22,75.3
2016-03-31,23,74.0
2016-04-01,00,56.0
2016-04-01,01,55.0
2016-04-01,02,54.0
2016-04-01,03,53.0
2016-04-01,04,52.0
2016-04-01,05,51.0
2016-04-01,06,52.7
2016-04-01,07,54.3
2016-04-01,08,56.0
2016-04-01,09,57.7
2016-04-01,10,59.3
2016-04-01,11,61.0
2016-04-01,12,62.7
2016-04-01,13,64.3
2016-04-01,14,66.0
2016-04-01,15,65.0
2016-04-01,16,64.0
2016-04-01,17,63.0
2016-04-01,18,62.0
2016-04-01,19,61.0
2016-04-01,20,60.0
2016-04-01,21,59.0
2016-04-01,22,58.0
2016-04-01,23,57.0
2016-04-02,00,54.7
2016-04-02,01,52.7
2016-04-02,02,50.8
2016-04-02,03,48.9
2016-04-02,04,46.9
2016-04-02,05,45.0
2016-04-02,06,48.2
2016-04-02,07,51.4
2016-04-02,08,54.7
2016-04-02,09,57.9
2016-04-02,10,61.1
2016-04-02,11,64.3
2016-04-02,12,67.6
2016-04-02,13,70.8
2016-04-02,14,74.0
2016-04-02,15,72.1
2016-04-02,16,70.1
2016-04-02,17,68.2
2016-04-02,18,66.3
2016-04-02,19,64.3
2016-04-02,20,62.4
2016-04-02,21,60.5
2016-04-02,22,58.5
2016-04-02,23,56.6
2016-04-03,00,55.7
2016-04-03,01,53.3
2016-04-03,02,51.0
2016-04-03,03,48.7
2016-04-03,04,46.3
2016-04-03,05,44.0
2016-04-03,06,47.9
2016-04-03,07,51.8
2016-04-03,08,55.7
2016-04-03,09,59.6
2016-04-03,10,63.4
2016-04-03,11,67.3
2016-04-03,12,71.2
2016-04-03,13,75.1
2016-04-03,14,79.0
2016-04-03,15,76.7
2016-04-03,16,74.3
2016-04-03,17,72.0
2016-04-03,18,69.7
2016-04-03,19,67.3
2016-04-03,20,65.0
2016-04-03,21,62.7
2016-04-03,22,60.3
2016-04-03,23,58.0
2016-04-04,00,63.0
2016-04-04,01,61.0
2016-04-04,02,59.0
2016-04-04,03,57.0
2016-04-04,04,55.0
2016-04-04,05,53.0
2016-04-04,06,56.3
2016-04-04,07,59.7
2016-04-04,08,63.0
2016-04-04,09,66.3
2016-04-04,10,69.7
2016-04-04,11,73.0
2016-04-04,12,76.3
2016-04-04,13,79.7
2016-04-04,14,83.0
2016-04-04,15,81.0
2016-04-04,16,79.0
2016-04-04,17,77.0
2016-04-04,18,75.0
2016-04-04,19,73.0
2016-04-04,20,71.0
2016-04-04,21,69.0
2016-04-04,22,67.0
2016-04-04,23,65.0
2016-04-05,00,62.7
2016-04-05,01,60.7
2016-04-05,02,58.8
2016-04-05,03,56.9
2016-04-05,04,54.9
2016-04-05,05,53.0
2016-04-05,06,56.2
2016-04-05,07,59.4
2016-04-05,08,62.7
2016-04-05,09,65.9
2016-04-05,10,69.1
2016-04-05,11,72.3
2016-04-05,12,75.6
2016-04-05,13,78.8
2016-04-05,14,82.0
2016-04-05,15,80.1
2016-04-05,16,78.1
2016-04-05,17,76.2
2016-04-05,18,74.3
2016-04-05,19,72.3
2016-04-05,20,70.4
2016-04-05,21,68.5
2016-04-05,22,66.5
2016-04-05,23,64.6
2016-04-06,00,64.0
2016-04-06,01,62.2
2016-04-06,02,60.4
2016-04-06,03,58.6
2016-04-06,04,56.8
2016-04-06,05,55.0
2016-04-06,06,58.0
2016-04-06,07,61.0
2016-04-06,08,64.0
2016-04-06,09,67.0
2016-04-06,10,70.0
2016-04-06,11,73.0
2016-04-06,12,76.0
2016-04-06,13,79.0
2016-04-06,14,82.0
2016-04-06,15,80.2
2016-04-06,16,78.4
2016-04-06,17,76.6
2016-04-06,18,74.8
2016-04-06,19,73.0
2016-04-06,20,71.2
2016-04-06,21,69.4
2016-04-06,22,67.6
2016-04-06,23,65.8
2016-04-07,00,60.3
2016-04-07,01,57.9
2016-04-07,02,55.4
2016-04-07,03,52.9
2016-04-07,04,50.5
2016-04-07,05,48.0
2016-04-07,06,52.1
2016-04-07,07,56.2
2016-04-07,08,60.3
2016-04-07,09,64.4
2016-04-07,10,68.6
2016-04-07,11,72.7
2016-04-07,12,76.8
2016-04-07,13,80.9
2016-04-07,14,85.0
2016-04-07,15,82.5
2016-04-07,16,80.1
2016-04-07,17,77.6
2016-04-07,18,75.1
2016-04-07,19,72.7
2016-04-07,20,70.2
2016-04-07,21,67.7
2016-04-07,22,65.3
2016-04-07,23,62.8
2016-04-08,00,63.3
2016-04-08,01,61.7
2016-04-08,02,60.0
2016-04-08,03,58.3
2016-04-08,04,56.7
2016-04-08,05,55.0
2016-04-08,06,57.8
2016-04-08,07,60.6
2016-04-08,08,63.3
2016-04-08,09,66.1
2016-04-08,10,68.9
2016-04-08,11,71.7
2016-04-08,12,74.4
2016-04-08,13,77.2
2016-04-08,14,80.0
2016-04-08,15,78.3
2016-04-08,16,76.7
2016-04-08,17,75.0
2016-04-08,18,73.3
2016-04-08,19,71.7
2016-04-08,20,70.0
2016-04-08,21,68.3
2016-04-08,22,66.7
2016-04-08,23,65.0
2016-04-09,00,64.3
2016-04-09,01,63.1
2016-04-09,02,61.8
2016-04-09,03,60.5
2016-04-09,04,59.3
2016-04-09,05,58.0
2016-04-09,06,60.1
2016-04-09,07,62.2
2016-04-09,08,64.3
2016-04-09,09,66.4
2016-04-09,10,68.6
2016-04-09,11,70.7
2016-04-09,12,72.8
2016-04-09,13,74.9
2016-04-09,14,77.0
2016-04-09,15,75.7
2016-04-09,16,74.5
2016-04-09,17,73.2
2016-04-09,18,71.9
2016-04-09,19,70.7
2016-04-09,20,69.4
2016-04-09,21,68.1
2016-04-09,22,66.9
2016-04-09,23,65.6
2016-04-10,00,69.7
2016-04-10,01,68.7
2016-04-10,02,67.8
2016-04-10,03,66.9
2016-04-10,04,65.9
2016-04-10,05,65.0
2016-04-10,06,66.6
2016-04-10,07,68.1
2016-04-10,08,69.7
2016-04-10,09,71.2
2016-04-10,10,72.8
2016-04-10,11,74.3
2016-04-10,12,75.9
2016-04-10,13,77.4
2016-04-10,14,79.0
2016-04-10,15,78.1
2016-04-10,16,77.1
2016-04-10,17,76.2
2016-04-10,18,75.3
2016-04-10,19,74.3
2016-04-10,20,73.4
2016-04-10,21,72.5
2016-04-10,22,71.5
2016-04-10,23,70.6
2016-04-11,00,76.3
2016-04-11,01,75.1
2016-04-11,02,73.8
2016-04-11,03,72.5
2016-04-11,04,71.3
2016-04-11,05,70.0
2016-04-11,06,72.1
2016-04-11,07,74.2
2016-04-11,08,76.3
2016-04-11,09,78.4
2016-04-11,10,80.6
2016-04-11,11,82.7
2016-04-11,12,84.8
2016-04-11,13,86.9
2016-04-11,14,89.0
2016-04-11,15,87.7
2016-04-11,16,86.5
2016-04-11,17,85.2
2016-04-11,18,83.9
2016-04-11,19,82.7
2016-04-11,20,81.4
2016-04-11,21,80.1
2016-04-11,22,78.9
2016-04-11,23,77.6
2016-04-12,00,65.7
2016-04-12,01,64.9
2016-04-12,02,64.2
2016-04-12,03,63.5
2016-04-12,04,62.7
2016-04-12,05,62.0
2016-04-12,06,63.2
2016-04-12,07,64.4
2016-04-12,08,65.7
2016-04-12,09,66.9
2016-04-12,10,68.1
2016-04-12,11,69.3
2016-04-12,12,70.6
2016-04-12,13,71.8
2016-04-12,14,73.0
2016-04-12,15,72.3
2016-04-12,16,71.5
2016-04-12,17,70.8
2016-04-12,18,70.1
2016-04-12,19,69.3
2016-04-12,20,68.6
2016-04-12,21,67.9
2016-04-12,22,67.1
2016-04-12,23,66.4
2016-04-13,00,62.7
2016-04-13,01,61.7
2016-04-13,02,60.8
2016-04-13,03,59.9
2016-04-13,04,58.9
2016-04-13,05,58.0
2016-04-13,06,59.6
2016-04-13,07,61.1
2016-04-13,08,62.7
2016-04-13,09,64.2
2016-04-13,10,65.8
2016-04-13,11,67.3
2016-04-13,12,68.9
2016-04-13,13,70.4
2016-04-13,14,72.0
2016-04-13,15,71.1
2016-04-13,16,70.1
2016-04-13,17,69.2
2016-04-13,18,68.3
2016-04-13,19,67.3
2016-04-13,20,66.4
2016-04-13,21,65.5
2016-04-13,22,64.5
2016-04-13,23,63.6
2016-04-14,00,61.7
2016-04-14,01,60.1
2016-04-14,02,58.6
2016-04-14,03,57.1
2016-04-14,04,55.5
2016-04-14,05,54.0
2016-04-14,06,56.6
2016-04-14,07,59.1
2016-04-14,08,61.7
2016-04-14,09,64.2
2016-04-14,10,66.8
2016-04-14,11,69.3
2016-04-14,12,71.9
2016-04-14,13,74.4
2016-04-14,14,77.0
2016-04-14,15,75.5
2016-04-14,16,73.9
2016-04-14,17,72.4
2016-04-14,18,70.9
2016-04-14,19,69.3
2016-04-14,20,67.8
2016-04-14,21,66.3
2016-04-14,22,64.7
2016-04-14,23,63.2
2016-04-15,00,62.3
2016-04-15,01,60.7
2016-04-15,02,59.0
2016-04-15,03,57.3
2016-04-15,04,55.7
2016-04-15,05,54.0
2016-04-15,06,56.8
2016-04-15,07,59.6
2016-04-15,08,62.3
2016-04-15,09,65.1
2016-04-15,10,67.9
2016-04-15,11,70.7
2016-04-15,12,73.4
2016-04-15,13,76.2
2016-04-15,14,79.0
2016-04-15,15,77.3
2016-04-15,16,75.7
2016-04-15,17,74.0
2016-04-15,18,72.3
2016-04-15,19,70.7
2016-04-15,20,69.0
2016-04-15,21,67.3
2016-04-15,22,65.7
2016-04-15,23,64.0
2016-04-16,00,67.7
2016-04-16,01,66.9
2016-04-16,02,66.2
2016-04-16,03,65.5
2016-04-16,04,64.7
2016-04-16,05,64.0
2016-04-16,06,65.2
2016-04-16,07,66.4
2016-04-16,08,67.7
2016-04-16,09,68.9
2016-04-16,10,70.1
2016-04-16,11,71.3
2016-04-16,12,72.6
2016-04-16,13,73.8
2016-04-16,14,75.0
2016-04-16,15,74.3
2016-04-16,16,73.5
2016-04-16,17,72.8
2016-04-16,18,72.1
2016-04-16,19,71.3
2016-04-16,20,70.6
2016-04-16,21,69.9
2016-04-16,22,69.1
2016-04-16,23,68.4
2016-04-17,00,68.7
2016-04-17,01,67.7
2016-04-17,02,66.8
2016-04-17,03,65.9
2016-04-17,04,64.9
2016-04-17,05,64.0
2016-04-17,06,65.6
2016-04-17,07,67.1
2016-04-17,08,68.7
2016-04-17,09,70.2
2016-04-17,10,71.8
2016-04-17,11,73.3
2016-04-17,12,74.9
2016-04-17,13,76.4
2016-04-17,14,78.0
2016-04-17,15,77.1
2016-04-17,16,76.1
2016-04-17,17,75.2
2016-04-17,18,74.3
2016-04-17,19,73.3
2016-04-17,20,72.4
2016-04-17,21,71.5
2016-04-17,22,70.5
2016-04-17,23,69.6
2016-04-18,00,67.0
2016-04-18,01,66.2
2016-04-18,02,65.4
2016-04-18,03,64.6
2016-04-18,04,63.8
2016-04-18,05,63.0
2016-04-18,06,64.3
2016-04-18,07,65.7
2016-04-18,08,67.0
2016-04-18,09,68.3
2016-04-18,10,69.7
2016-04-18,11,71.0
2016-04-18,12,72.3
2016-04-18,13,73.7
2016-04-18,14,75.0
2016-04-18,15,74.2
2016-04-18,16,73.4
2016-04-18,17,72.6
2016-04-18,18,71.8
2016-04-18,19,71.0
2016-04-18,20,70.2
2016-04-18,21,69.4
2016-04-18,22,68.6
2016-04-18,23,67.8
2016-04-19,00,68.3
2016-04-19,01,67.1
2016-04-19,02,65.8
2016-04-19,03,64.5
2016-04-19,04,63.3
2016-04-19,05,62.0
2016-04-19,06,64.1
2016-04-19,07,66.2
2016-04-19,08,68.3
2016-04-19,09,70.4
2016-04-19,10,72.6
2016-04-19,11,74.7
2016-04-19,12,76.8
2016-04-19,13,78.9
2016-04-19,14,81.0
2016-04-19,15,79.7
2016-04-19,16,78.5
2016-04-19,17,77.2
2016-04-19,18,75.9
2016-04-19,19,74.7
2016-04-19,20,73.4
2016-04-19,21,72.1
2016-04-19,22,70.9
2016-04-19,23,69.6
2016-04-20,00,67.0
2016-04-20,01,65.6
2016-04-20,02,64.2
2016-04-20,03,62.8
2016-04-20,04,61.4
2016-04-20,05,60.0
2016-04-20,06,62.3
2016-04-20,07,64.7
2016-04-20,08,67.0
2016-04-20,09,69.3
2016-04-20,10,71.7
2016-04-20,11,74.0
2016-04-20,12,76.3
2016-04-20,13,78.7
2016-04-20,14,81.0
2016-04-20,15,79.6
2016-04-20,16,78.2
2016-04-20,17,76.8
2016-04-20,18,75.4
2016-04-20,19,74.0
2016-04-20,20,72.6
2016-04-20,21,71.2
2016-04-20,22,69.8
2016-04-20,23,68.4
2016-04-21,00,67.7
2016-04-21,01,66.1
2016-04-21,02,64.6
2016-04-21,03,63.1
2016-04-21,04,61.5
2016-04-21,05,60.0
2016-04-21,06,62.6
2016-04-21,07,65.1
2016-04-21,08,67.7
2016-04-21,09,70.2
2016-04-21,10,72.8
2016-04-21,11,75.3
2016-04-21,12,77.9
2016-04-21,13,80.4
2016-04-21,14,83.0
2016-04-21,15,81.5
2016-04-21,16,79.9
2016-04-21,17,78.4
2016-04-21,18,76.9
2016-04-21,19,75.3
2016-04-21,20,73.8
2016-04-21,21,72.3
2016-04-21,22,70.7
2016-04-21,23,69.2
2016-04-22,00,68.0
2016-04-22,01,66.4
2016-04-22,02,64.8
2016-04-22,03,63.2
2016-04-22,04,61.6
2016-04-22,05,60.0
2016-04-22,06,62.7
2016-04-22,07,65.3
2016-04-22,08,68.0
2016-04-22,09,70.7
2016-04-22,10,73.3
2016-04-22,11,76.0
2016-04-22,12,78.7
2016-04-22,13,81.3
2016-04-22,14,84.0
2016-04-22,15,82.4
2016-04-22,16,80.8
2016-04-22,17,79.2
2016-04-22,18,77.6
2016-04-22,19,76.0
2016-04-22,20,74.4
2016-04-22,21,72.8
2016-04-22,22,71.2
2016-04-22,23,69.6
2016-04-23,00,64.3
2016-04-23,01,62.5
2016-04-23,02,60.6
2016-04-23,03,58.7
2016-04-23,04,56.9
2016-04-23,05,55.0
2016-04-23,06,58.1
2016-04-23,07,61.2
2016-04-23,08,64.3
2016-04-23,09,67.4
2016-04-23,10,70.6
2016-04-23,11,73.7
2016-04-23,12,76.8
2016-04-23,13,79.9
2016-04-23,14,83.0
2016-04-23,15,81.1
2016-04-23,16,79.3
2016-04-23,17,77.4
2016-04-23,18,75.5
2016-04-23,19,73.7
2016-04-23,20,71.8
2016-04-23,21,69.9
2016-04-23,22,68.1
2016-04-23,23,66.2
2016-04-24,00,68.3
2016-04-24,01,67.3
2016-04-24,02,66.2
2016-04-24,03,65.1
2016-04-24,04,64.1
2016-04-24,05,63.0
2016-04-24,06,64.8
2016-04-24,07,66.6
2016-04-24,08,68.3
2016-04-24,09,70.1
2016-04-24,10,71.9
2016-04-24,11,73.7
2016-04-24,12,75.4
2016-04-24,13,77.2
2016-04-24,14,79.0
2016-04-24,15,77.9
2016-04-24,16,76.9
2016-04-24,17,75.8
2016-04-24,18,74.7
2016-04-24,19,73.7
2016-04-24,20,72.6
2016-04-24,21,71.5
2016-04-24,22,70.5
2016-04-24,23,69.4
2016-04-25,00,76.0
2016-04-25,01,74.8
2016-04-25,02,73.6
2016-04-25,03,72.4
2016-04-25,04,71.2
2016-04-25,05,70.0
2016-04-25,06,72.0
2016-04-25,07,74.0
2016-04-25,08,76.0
2016-04-25,09,78.0
2016-04-25,10,80.0
2016-04-25,11,82.0
2016-04-25,12,84.0
2016-04-25,13,86.0
2016-04-25,14,88.0
2016-04-25,15,86.8
2016-04-25,16,85.6
2016-04-25,17,84.4
2016-04-25,18,83.2
2016-04-25,19,82.0
2016-04-25,20,80.8
2016-04-25,21,79.6
2016-04-25,22,78.4
2016-04-25,23,77.2
2016-04-26,00,76.7
2016-04-26,01,75.7
2016-04-26,02,74.8
2016-04-26,03,73.9
2016-04-26,04,72.9
2016-04-26,05,72.0
2016-04-26,06,73.6
2016-04-26,07,75.1
2016-04-26,08,76.7
2016-04-26,09,78.2
2016-04-26,10,79.8
2016-04-26,11,81.3
2016-04-26,12,82.9
2016-04-26,13,84.4
2016-04-26,14,86.0
2016-04-26,15,85.1
2016-04-26,16,84.1
2016-04-26,17,83.2
2016-04-26,18,82.3
2016-04-26,19,81.3
2016-04-26,20,80.4
2016-04-26,21,79.5
2016-04-26,22,78.5
2016-04-26,23,77.6
2016-04-27,00,71.3
2016-04-27,01,69.5
2016-04-27,02,67.6
2016-04-27,03,65.7
2016-04-27,04,63.9
2016-04-27,05,62.0
2016-04-27,06,65.1
2016-04-27,07,68.2
2016-04-27,08,71.3
2016-04-27,09,74.4
2016-04-27,10,77.6
2016-04-27,11,80.7
2016-04-27,12,83.8
2016-04-27,13,86.9
2016-04-27,14,90.0
2016-04-27,15,88.1
2016-04-27,16,86.3
2016-04-27,17,84.4
2016-04-27,18,82.5
2016-04-27,19,80.7
2016-04-27,20,78.8
2016-04-27,21,76.9
2016-04-27,22,75.1
2016-04-27,23,73.2
2016-04-28,00,71.0
2016-04-28,01,69.4
2016-04-28,02,67.8
2016-04-28,03,66.2
2016-04-28,04,64.6
2016-04-28,05,63.0
2016-04-28,06,65.7
2016-04-28,07,68.3
2016-04-28,08,71.0
2016-04-28,09,73.7
2016-04-28,10,76.3
2016-04-28,11,79.0
2016-04-28,12,81.7
2016-04-28,13,84.3
2016-04-28,14,87.0
2016-04-28,15,85.4
2016-04-28,16,83.8
2016-04-28,17,82.2
2016-04-28,18,80.6
2016-04-28,19,79.0
2016-04-28,20,77.4
2016-04-28,21,75.8
2016-04-28,22,74.2
2016-04-28,23,72.6
2016-04-29,00,78.0
2016-04-29,01,77.4
2016-04-29,02,76.8
2016-04-29,03,76.2
2016-04-29,04,75.6
2016-04-29,05,75.0
2016-04-29,06,76.0
2016-04-29,07,77.0
2016-04-29,08,78.0
2016-04-29,09,79.0
2016-04-29,10,80.0
2016-04-29,11,81.0
2016-04-29,12,82.0
2016-04-29,13,83.0
2016-04-29,14,84.0
2016-04-29,15,83.4
2016-04-29,16,82.8
2016-04-29,17,82.2
2016-04-29,18,81.6
2016-04-29,19,81.0
2016-04-29,20,80.4
2016-04-29,21,79.8
2016-04-29,22,79.2
2016-04-29,23,78.6
2016-04-30,00,72.7
2016-04-30,01,71.3
2016-04-30,02,70.0
2016-04-30,03,68.7
2016-04-30,04,67.3
2016-04-30,05,66.0
2016-04-30,06,68.2
2016-04-30,07,70.4
2016-04-30,08,72.7
2016-04-30,09,74.9
2016-04-30,10,77.1
2016-04-30,11,79.3
2016-04-30,12,81.6
2016-04-30,13,83.8
2016-04-30,14,86.0
2016-04-30,15,84.7
2016-04-30,16,83.3
2016-04-30,17,82.0
2016-04-30,18,80.7
2016-04-30,19,79.3
2016-04-30,20,78.0
2016-04-30,21,76.7
2016-04-30,22,75.3
2016-04-30,23,74.0
